{
    "filterTimeAverages": [
        184.28571428571428,
        223.0,
        229.42857142857142,
        194.57142857142858,
        345.7142857142857,
        335.7142857142857,
        331.85714285714283,
        378.2857142857143,
        271.14285714285717,
        280.7142857142857,
        405.85714285714283,
        257.14285714285717
    ],
    "filterTypes": [
        "Manual Filter",
        "Manual Filter",
        "Manual Filter",
        "Manual Filter",
        "Manual Filter",
        "Manual Filter",
        "Manual Filter",
        "Manual Filter",
        "Manual Filter",
        "Manual Filter",
        "Manual Filter",
        "Express Filter"
    ],
    "mostRecentData": [
        [
            146,
            150,
            173,
            161,
            231,
            229,
            200
        ],
        [
            143,
            192,
            194,
            192,
            245,
            301,
            294
        ],
        [
            154,
            135,
            180,
            320,
            301,
            296,
            220
        ],
        [
            16,
            173,
            159,
            198,
            233,
            278,
            305
        ],
        [
            240,
            386,
            150,
            307,
            252,
            807,
            278
        ],
        [
            240,
            315,
            371,
            439,
            323,
            329,
            333
        ],
        [
            456,
            323,
            186,
            199,
            378,
            435,
            346
        ],
        [
            272,
            346,
            421,
            435,
            422,
            291,
            461
        ],
        [
            411,
            373,
            262,
            215,
            266,
            200,
            171
        ],
        [
            200,
            331,
            199,
            254,
            256,
            441,
            284
        ],
        [
            392,
            140,
            246,
            145,
            472,
            1145,
            301
        ],
        [
            178,
            273,
            267,
            278,
            241,
            177,
            386
        ]
    ],
    "serialNumStrings": [
        "AA1709219",
        "AA1709222",
        "AA1709233",
        "AA1806130",
        "AA2006123",
        "AA2007106",
        "AA2008027",
        "AA2008031",
        "AA2008046",
        "AA2008047",
        "AA2111181",
        "LF1710020"
    ]
}